[{"content":"what is the price of polo?","entities":[[21,25,"PrdName"]]},{"content":"what is the price of ball?","entities":[[21,25,"PrdName"]]},{"content":"what is the price of jegging?","entities":[[21,28,"PrdName"]]},{"content":"what is the price of t-shirt?","entities":[[21,28,"PrdName"]]},{"content":"what is the price of jeans?","entities":[[21,26,"PrdName"]]},{"content":"what is the price of bat?","entities":[[21,24,"PrdName"]]},{"content":"what is the price of shirt?","entities":[[21,26,"PrdName"]]},{"content":"what is the price of bag?","entities":[[21,24,"PrdName"]]},{"content":"what is the price of cup?","entities":[[21,24,"PrdName"]]},{"content":"what is the price of jug?","entities":[[21,24,"PrdName"]]},{"content":"what is the price of plate?","entities":[[21,26,"PrdName"]]},{"content":"what is the price of glass?","entities":[[21,26,"PrdName"]]},{"content":"what is the price of moniter?","entities":[[21,28,"PrdName"]]},{"content":"what is the price of desktop?","entities":[[21,28,"PrdName"]]},{"content":"what is the price of bottle?","entities":[[21,27,"PrdName"]]},{"content":"what is the price of mouse?","entities":[[21,26,"PrdName"]]},{"content":"what is the price of keyboad?","entities":[[21,28,"PrdName"]]},{"content":"what is the price of chair?","entities":[[21,26,"PrdName"]]},{"content":"what is the price of table?","entities":[[21,26,"PrdName"]]},{"content":"what is the price of watch?","entities":[[21,26,"PrdName"]]}]
